{
  "version": 1,
  "author": "Noura NF",
  "editor": "wokwi",
  "parts": [
    { "type": "wokwi-esp32-devkit-v1", "id": "esp", "top": 0, "left": 0, "attrs": {} },
    { "type": "wokwi-led", "id": "led1", "top": 42, "left": -88.2, "attrs": { "color": "red" } }
  ],
  "connections": [
    [ "esp:TX0", "$serialMonitor:RX", "", [] ],
    [ "esp:RX0", "$serialMonitor:TX", "", [] ],
    [ "esp:D25", "led1:A", "green", [ "h0" ] ],
    [ "led1:C", "esp:GND.2", "purple", [ "v0" ] ]
  ],
  "dependencies": {}
}